{"top_features": ["EXT_SOURCE_3", "EXT_SOURCE_2", "DAYS_ID_PUBLISH", "EXT_SOURCE_1", "DAYS_REGISTRATION", "DAYS_BIRTH", "REGION_POPULATION_RELATIVE", "DAYS_LAST_PHONE_CHANGE", "AMT_INCOME_TOTAL", "DAYS_EMPLOYED"], "feature_means": {"CNT_CHILDREN": 0.41663685733797273, "AMT_INCOME_TOTAL": 0.27285387050827614, "AMT_CREDIT": 0.15711222208324205, "AMT_ANNUITY": 0.12216707335107956, "AMT_GOODS_PRICE": 0.20123533487687664, "REGION_POPULATION_RELATIVE": 0.10821534625826759, "DAYS_BIRTH": -0.03908021472622522, "DAYS_EMPLOYED": 26.296099510388473, "DAYS_REGISTRATION": -0.08852861406755519, "DAYS_ID_PUBLISH": 0.09987968375333732, "OWN_CAR_AGE": 1.0422471743079202, "FLAG_MOBIL": -4.645609666584594e-06, "FLAG_EMP_PHONE": -0.17989658872882183, "FLAG_WORK_PHONE": 0.19906437421314988, "FLAG_CONT_MOBILE": -0.001955801669632114, "FLAG_PHONE": 0.28043222752337904, "FLAG_EMAIL": 0.05716887255699002, "CNT_FAM_MEMBERS": 0.15311000339129505, "REGION_RATING_CLIENT": 0.05251861728073884, "REGION_RATING_CLIENT_W_CITY": 0.031329991591446504, "HOUR_APPR_PROCESS_START": 0.01597625164338442, "REG_REGION_NOT_LIVE_REGION": 0.015344448728728914, "REG_REGION_NOT_WORK_REGION": 0.05109706072276395, "LIVE_REGION_NOT_WORK_REGION": 0.040834908969278584, "REG_CITY_NOT_LIVE_CITY": 0.0784968665362799, "REG_CITY_NOT_WORK_CITY": 0.23021783263726614, "LIVE_CITY_NOT_WORK_CITY": 0.17905108776950343, "EXT_SOURCE_1": -0.0018251164126771445, "EXT_SOURCE_2": -0.1892234323464306, "EXT_SOURCE_3": -0.09497545698164944, "APARTMENTS_AVG": 0.014709621986741434, "BASEMENTAREA_AVG": 0.005045917205944532, "YEARS_BEGINEXPLUATATION_AVG": -4.0177871102918905, "YEARS_BUILD_AVG": -0.0008073326302977319, "COMMONAREA_AVG": 0.007089071203259355, "ELEVATORS_AVG": 0.03703143498236991, "ENTRANCES_AVG": 0.0059223867284223216, "FLOORSMAX_AVG": 0.030009440807964444, "FLOORSMIN_AVG": 0.007684238375523209, "LANDAREA_AVG": 0.007355554058636874, "LIVINGAPARTMENTS_AVG": 0.008008050376991222, "LIVINGAREA_AVG": 0.016480312835354956, "NONLIVINGAPARTMENTS_AVG": 0.0027179771157267827, "NONLIVINGAREA_AVG": 0.01111710420567043, "APARTMENTS_MODE": 0.014844321439024035, "BASEMENTAREA_MODE": 0.00536123006452751, "YEARS_BEGINEXPLUATATION_MODE": -0.002349090621907778, "YEARS_BUILD_MODE": -0.0016263508271508115, "COMMONAREA_MODE": 0.007082875818208004, "ELEVATORS_MODE": 0.034909943927491326, "ENTRANCES_MODE": 0.0036630948122477044, "FLOORSMAX_MODE": 0.02799585704529935, "FLOORSMIN_MODE": 0.0064164789066093065, "LANDAREA_MODE": 0.0076918014280604125, "LIVINGAPARTMENTS_MODE": 0.009031487013198173, "LIVINGAREA_MODE": 0.016410651453843548, "NONLIVINGAPARTMENTS_MODE": 0.002485937274978282, "NONLIVINGAREA_MODE": 0.011604080238970157, "APARTMENTS_MEDI": 0.015231416864492203, "BASEMENTAREA_MEDI": 0.00504268804266529, "YEARS_BEGINEXPLUATATION_MEDI": -4.0155692962370635, "YEARS_BUILD_MEDI": -0.0008243518213112534, "COMMONAREA_MEDI": 0.007164292450419736, "ELEVATORS_MEDI": 0.036612978904286504, "ENTRANCES_MEDI": 0.005659789460969929, "FLOORSMAX_MEDI": 0.029816518858852448, "FLOORSMIN_MEDI": 0.0075847726206348665, "LANDAREA_MEDI": 0.007482689064699394, "LIVINGAPARTMENTS_MEDI": 0.008201714229966968, "LIVINGAREA_MEDI": 0.016865666621759125, "NONLIVINGAPARTMENTS_MEDI": 0.002662324570164966, "NONLIVINGAREA_MEDI": 0.011299981417561328, "TOTALAREA_MODE": 5.155263243471757, "OBS_30_CNT_SOCIAL_CIRCLE": 0.7093125891376355, "DEF_30_CNT_SOCIAL_CIRCLE": 0.1426666728608129, "OBS_60_CNT_SOCIAL_CIRCLE": 0.700852933934785, "DEF_60_CNT_SOCIAL_CIRCLE": 0.09954612393557469, "DAYS_LAST_PHONE_CHANGE": -0.15925302281504788, "FLAG_DOCUMENT_2": 2.7873657999507564e-05, "FLAG_DOCUMENT_3": -0.29019265343287326, "FLAG_DOCUMENT_4": 7.432975466535351e-05, "FLAG_DOCUMENT_5": 0.01517720678073187, "FLAG_DOCUMENT_6": 0.08788099806278077, "FLAG_DOCUMENT_7": 0.00018582438666338378, "FLAG_DOCUMENT_8": 0.0812052569718987, "FLAG_DOCUMENT_9": 0.0038976665102644745, "FLAG_DOCUMENT_10": 1.8582438666338377e-05, "FLAG_DOCUMENT_11": 0.003920894558597398, "FLAG_DOCUMENT_12": 4.645609666584594e-06, "FLAG_DOCUMENT_13": 0.0034284599339394306, "FLAG_DOCUMENT_14": 0.0029220884802817096, "FLAG_DOCUMENT_15": 0.001156756806979564, "FLAG_DOCUMENT_16": 0.01008097297648857, "FLAG_DOCUMENT_17": 0.0002508629219955681, "FLAG_DOCUMENT_18": 0.008060132771524271, "FLAG_DOCUMENT_19": 0.0005807012083230743, "FLAG_DOCUMENT_20": 0.000469206576325044, "FLAG_DOCUMENT_21": 0.0003112558476611678, "AMT_REQ_CREDIT_BUREAU_HOUR": 0.005546857941902006, "AMT_REQ_CREDIT_BUREAU_DAY": 0.005746619157565143, "AMT_REQ_CREDIT_BUREAU_WEEK": 0.029620407234143373, "AMT_REQ_CREDIT_BUREAU_MON": 0.23111908091258357, "AMT_REQ_CREDIT_BUREAU_QRT": 0.23000413459260327, "AMT_REQ_CREDIT_BUREAU_YEAR": 0.38881430104479764, "NAME_CONTRACT_TYPE_Revolving loans": 0.09567168547364313, "CODE_GENDER_M": 0.34233033072095215, "CODE_GENDER_XNA": 1.3936828999753782e-05, "FLAG_OWN_CAR_Y": 0.3411038897689738, "FLAG_OWN_REALTY_Y": 0.694606911738062, "NAME_TYPE_SUITE_Family": 0.13118272576501577, "NAME_TYPE_SUITE_Group of people": 0.0008826658366510729, "NAME_TYPE_SUITE_Other_A": 0.0029360253092814634, "NAME_TYPE_SUITE_Other_B": 0.0057326823285653895, "NAME_TYPE_SUITE_Spouse, partner": 0.03695117928801386, "NAME_TYPE_SUITE_Unaccompanied": 0.8073651495654032, "NAME_INCOME_TYPE_Commercial associate": 0.23329787184621173, "NAME_INCOME_TYPE_Maternity leave": 9.291219333169189e-06, "NAME_INCOME_TYPE_Pensioner": 0.17982690458382306, "NAME_INCOME_TYPE_State servant": 0.07064578619975193, "NAME_INCOME_TYPE_Student": 6.503853533218431e-05, "NAME_INCOME_TYPE_Unemployed": 7.432975466535351e-05, "NAME_INCOME_TYPE_Working": 0.51604361298355, "NAME_EDUCATION_TYPE_Higher education": 0.24465638748101107, "NAME_EDUCATION_TYPE_Incomplete higher": 0.033304375699744954, "NAME_EDUCATION_TYPE_Lower secondary": 0.01241771463878062, "NAME_EDUCATION_TYPE_Secondary / secondary special": 0.7090779858494729, "NAME_FAMILY_STATUS_Married": 0.6399327315720279, "NAME_FAMILY_STATUS_Separated": 0.06385390486720524, "NAME_FAMILY_STATUS_Single / not married": 0.14764676642339158, "NAME_FAMILY_STATUS_Unknown": 4.645609666584594e-06, "NAME_FAMILY_STATUS_Widow": 0.05202618265608087, "NAME_HOUSING_TYPE_House / apartment": 0.8875065619236541, "NAME_HOUSING_TYPE_Municipal apartment": 0.0359756012580311, "NAME_HOUSING_TYPE_Office apartment": 0.008552567396182239, "NAME_HOUSING_TYPE_Rented apartment": 0.015990188472384172, "NAME_HOUSING_TYPE_With parents": 0.0482771756551471, "OCCUPATION_TYPE_Cleaning staff": 0.015200434829064793, "OCCUPATION_TYPE_Cooking staff": 0.01900054353633099, "OCCUPATION_TYPE_Core staff": 0.08973924192941461, "OCCUPATION_TYPE_Drivers": 0.06053229395559726, "OCCUPATION_TYPE_HR staff": 0.0018489526473006684, "OCCUPATION_TYPE_High skill tech staff": 0.037420385864338906, "OCCUPATION_TYPE_IT staff": 0.0016724194799704539, "OCCUPATION_TYPE_Laborers": 0.17983155019348965, "OCCUPATION_TYPE_Low-skill Laborers": 0.0067872357228800926, "OCCUPATION_TYPE_Managers": 0.06957265036677088, "OCCUPATION_TYPE_Medicine staff": 0.02779468263517563, "OCCUPATION_TYPE_Private service staff": 0.008650125199180514, "OCCUPATION_TYPE_Realty agents": 0.0024482362942900814, "OCCUPATION_TYPE_Sales staff": 0.10380150239016617, "OCCUPATION_TYPE_Secretaries": 0.004315771380257088, "OCCUPATION_TYPE_Security staff": 0.022010898600277808, "OCCUPATION_TYPE_Waiters/barmen staff": 0.004343645038256596, "WEEKDAY_APPR_PROCESS_START_MONDAY": 0.16469615389975703, "WEEKDAY_APPR_PROCESS_START_SATURDAY": 0.11028677348471827, "WEEKDAY_APPR_PROCESS_START_SUNDAY": 0.05236066655207496, "WEEKDAY_APPR_PROCESS_START_THURSDAY": 0.16507709389241698, "WEEKDAY_APPR_PROCESS_START_TUESDAY": 0.17516735808823872, "WEEKDAY_APPR_PROCESS_START_WEDNESDAY": 0.16929995307934237, "ORGANIZATION_TYPE_Agriculture": 0.008050841552191101, "ORGANIZATION_TYPE_Bank": 0.00808800642952378, "ORGANIZATION_TYPE_Business Entity Type 1": 0.01980887961831671, "ORGANIZATION_TYPE_Business Entity Type 2": 0.03460514640638864,